{"cameraMode":{"drawMode":0,"name":"Shaded","section":"Shading Mode"},"sceneLighting":false,"audioPlay":false,"sceneViewState":{"showFog":true,"showMaterialUpdate":false,"showSkybox":false,"showFlares":true,"showImageEffects":true,"showParticleSystems":true},"in2DMode":false,"pivot":{"x":-0.06127318739891052,"y":0.9678897857666016,"z":0.3450906574726105},"rotation":{"x":0.013671240769326687,"y":0.9770469665527344,"z":-0.20212869346141816,"w":0.06605099886655808},"size":5.23331880569458,"orthographic":false}